{
  "user": [
    {
      "id": 1,
      "name": "Divya Gari",
      "mobile": "8885562924",
      "email": "divya12@gmail.com",
      "password": "divya"
    },
    {
      "id": 2,
      "name": "Swetha Gari",
      "mobile": "999962924",
      "email": "divya12@gmail.com",
      "password": "divya"
    },
    {
      "id": 3,
      "name": "padma Gari",
      "mobile": "6665482924",
      "email": "divya12@gmail.com",
      "password": "divya"
    },
    {
      "id": 5,
      "name": "Eswara Rao Gari",
      "mobile": "6665482924",
      "email": "divya12@gmail.com",
      "password": "divya"
    }
  ]
}